Empresa,Yhaguy Repuestos
,,,,,
CODIGO,CANTIDAD,FECHA,PROVEEDOR,COSTODS,COSTOGS
SAB 78587,12,3/1/2014,SABO INDUS.E COMERCIO DEAUTOPE큐S LTDA.,8.14,40.339
SAB 75120,100,30/4/2018,SABO INDUS.E COMERCIO DEAUTOPE큐S LTDA.,5.57,33.235
SAB 78920,10,28/8/2013,SABO INDUS.E COMERCIO DEAUTOPE큐S LTDA.,0.74,3.555
SAB 78924,50,31/10/2011,SABO INDUS.E COMERCIO DEAUTOPE큐S LTDA.,0.87,3.845
SAB 78928,100,8/7/2016,SABO INDUS.E COMERCIO DEAUTOPE큐S LTDA.,0.31,1.851
SAB 78927,10,3/1/2014,SABO INDUS.E COMERCIO DEAUTOPE큐S LTDA.,1.58,7.830
SAB 78947,20,9/12/2016,SABO INDUS.E COMERCIO DEAUTOPE큐S LTDA.,0.6,2.894
SAB 78936,50,25/11/2011,SABO INDUS.E COMERCIO DEAUTOPE큐S LTDA.,3.45,16.188
SAB 78923,50,31/10/2011,SABO INDUS.E COMERCIO DEAUTOPE큐S LTDA.,3.78,16.767
SAB 78943,30,9/2/2016,SABO INDUS.E COMERCIO DEAUTOPE큐S LTDA.,2.81,15.381
SAB 78944,20,8/7/2016,SABO INDUS.E COMERCIO DEAUTOPE큐S LTDA.,3.34,15.549
SAB 78930,20,8/2/2017,SABO INDUS.E COMERCIO DEAUTOPE큐S LTDA.,2.51,15.694
SAB 78926,40,8/7/2016,SABO INDUS.E COMERCIO DEAUTOPE큐S LTDA.,1.91,11.322
SAB 78929,20,31/10/2011,SABO INDUS.E COMERCIO DEAUTOPE큐S LTDA.,7.9,35.046
SAB 78909,30,12/1/2017,SABO INDUS.E COMERCIO DEAUTOPE큐S LTDA.,3.87,24.157
SAB 78916,20,3/1/2014,SABO INDUS.E COMERCIO DEAUTOPE큐S LTDA.,1.9,9.416
SAB 78908,10,8/7/2016,SABO INDUS.E COMERCIO DEAUTOPE큐S LTDA.,2.07,12.272
SAB 78912,40,9/12/2016,SABO INDUS.E COMERCIO DEAUTOPE큐S LTDA.,1.31,8.285
SAB 78922,5,3/1/2014,SABO INDUS.E COMERCIO DEAUTOPE큐S LTDA.,4.79,23.737
SAB 78917,20,31/10/2011,SABO INDUS.E COMERCIO DEAUTOPE큐S LTDA.,3.12,13.853
SAB 78913,200,12/1/2017,SABO INDUS.E COMERCIO DEAUTOPE큐S LTDA.,1.27,7.935
SAB 78945,30,31/10/2011,SABO INDUS.E COMERCIO DEAUTOPE큐S LTDA.,1.72,7.619
SAB 78918,48,8/7/2016,SABO INDUS.E COMERCIO DEAUTOPE큐S LTDA.,0.98,4.732
SAB 78932,5,26/3/2014,SABO INDUS.E COMERCIO DEAUTOPE큐S LTDA.,3.62,17.190
SAB 78478,30,30/4/2018,SABO INDUS.E COMERCIO DEAUTOPE큐S LTDA.,2.19,13.067
SAB 75000,120,19/12/2017,SABO INDUS.E COMERCIO DEAUTOPE큐S LTDA.,1.41,8.568
SAB 46846 F,50,8/7/2016,SABO INDUS.E COMERCIO DEAUTOPE큐S LTDA.,0.18,1.066
SAB 78937,20,31/10/2011,SABO INDUS.E COMERCIO DEAUTOPE큐S LTDA.,1.44,6.401
SAB 78550,50,19/12/2017,SABO INDUS.E COMERCIO DEAUTOPE큐S LTDA.,3.14,19.081
SAB 78571,4,26/10/2010,SABO INDUS.E COMERCIO DEAUTOPE큐S LTDA.,4.61,24.731
SAB 80295,4,30/4/2018,SABO INDUS.E COMERCIO DEAUTOPE큐S LTDA.,159.41,951.173
SAB 80904,25,30/4/2018,SABO INDUS.E COMERCIO DEAUTOPE큐S LTDA.,53.67,320.240
SAB 80905,16,12/1/2017,SABO INDUS.E COMERCIO DEAUTOPE큐S LTDA.,117.26,732.063
SAB 80906,3,19/12/2017,SABO INDUS.E COMERCIO DEAUTOPE큐S LTDA.,67.77,411.811
SAB 80924,10,19/12/2017,SABO INDUS.E COMERCIO DEAUTOPE큐S LTDA.,68.8,418.070
SAB 79312,36,30/4/2018,SABO INDUS.E COMERCIO DEAUTOPE큐S LTDA.,10.43,62.234
SAB 80951,1,1/10/2018,SANTA ELENA S.A.,,675.545
SAB 79924,3,11/10/2017,SABO INDUS.E COMERCIO DEAUTOPE큐S LTDA.,71.52,439.414
SAB 80236,20,26/3/2014,SABO INDUS.E COMERCIO DEAUTOPE큐S LTDA.,30.59,145.264
SAB 79402,800,17/9/2018,SABO INDUS.E COMERCIO DEAUTOPE큐S LTDA.,1.56,9.790
SAB 79473,800,30/4/2018,SABO INDUS.E COMERCIO DEAUTOPE큐S LTDA.,3.59,21.421
SAB 79378,10,16/11/2016,SABO INDUS.E COMERCIO DEAUTOPE큐S LTDA.,20.8,128.593
SAB 80363 FLEXR,10,16/11/2016,SABO INDUS.E COMERCIO DEAUTOPE큐S LTDA.,23.92,147.857
SAB 99514,29,19/12/2017,SABO INDUS.E COMERCIO DEAUTOPE큐S LTDA.,1.94,9.371
SAB 46560 EF,120,30/4/2018,SABO INDUS.E COMERCIO DEAUTOPE큐S LTDA.,1.09,6.504
SAB 48806 EFS,40,17/9/2018,SABO INDUS.E COMERCIO DEAUTOPE큐S LTDA.,27.2,170.704
SAB 48806 EFPSD1,1,11/9/2018,SANTA ELENA S.A.,,184.144
SAB 48906 EFPSD4,30,18/5/2010,SABO INDUS.E COMERCIO DEAUTOPE큐S LTDA.,26.23,133.044
SAB 48906 EFPSD1,40,17/9/2018,SABO INDUS.E COMERCIO DEAUTOPE큐S LTDA.,32,200.829
SAB 81952,10,19/12/2017,SABO INDUS.E COMERCIO DEAUTOPE큐S LTDA.,40.28,244.765
SAB 48906 EF1,10,30/12/2014,SABO INDUS.E COMERCIO DEAUTOPE큐S LTDA.,29.28,112.436
SAB 48907 EFPSD,1,25/9/2017,SANTA ELENA S.A.,,316.482
SAB 48909 EFPSD,1,16/3/2011,INTERNACIONAL REPUESTOS S.R.L  ,,345.455
SAB 81959,2,26/5/2014,SABO INDUS.E COMERCIO DEAUTOPE큐S LTDA.,49.14,236.599
SAB 48606 EFPSD,15,30/4/2018,SABO INDUS.E COMERCIO DEAUTOPE큐S LTDA.,33.6,200.486
SAB 80362,50,22/3/2013,SABO INDUS.E COMERCIO DEAUTOPE큐S LTDA.,32.55,141.677
SAB 80270,120,30/4/2018,SABO INDUS.E COMERCIO DEAUTOPE큐S LTDA.,28.8,171.845
SAB 80281,4,30/4/2018,SABO INDUS.E COMERCIO DEAUTOPE큐S LTDA.,84,501.214
SAB 80282,2,30/4/2018,SABO INDUS.E COMERCIO DEAUTOPE큐S LTDA.,70,417.678
SAB 48307 EFS,1,17/9/2014,SANTA ELENA S.A.,,161.998
SAB 48306 EFPSD1,12,30/4/2018,SABO INDUS.E COMERCIO DEAUTOPE큐S LTDA.,23.27,138.848
SAB 48206 EFPSD,50,30/4/2018,SABO INDUS.E COMERCIO DEAUTOPE큐S LTDA.,21.48,128.168
SAB 80954,2,19/12/2017,SABO INDUS.E COMERCIO DEAUTOPE큐S LTDA.,56.1,340.897
SAB 80953,2,7/9/2016,SABO INDUS.E COMERCIO DEAUTOPE큐S LTDA.,113.39,679.910
SAB 80958,3,26/5/2014,SABO INDUS.E COMERCIO DEAUTOPE큐S LTDA.,116.05,558.756
SAB 11307 FLEX,60,12/1/2017,SABO INDUS.E COMERCIO DEAUTOPE큐S LTDA.,7.39,33.197
SAB 80246,10,16/11/2016,SABO INDUS.E COMERCIO DEAUTOPE큐S LTDA.,13.36,82.621
SAB 80344,1,16/11/2016,SABO INDUS.E COMERCIO DEAUTOPE큐S LTDA.,34,210.199
SAB 80232,15,16/11/2016,SABO INDUS.E COMERCIO DEAUTOPE큐S LTDA.,18.67,115.394
SAB 11306 EFPSG,3,26/3/2014,SABO INDUS.E COMERCIO DEAUTOPE큐S LTDA.,7.22,34.286
SAB 80266,20,31/12/2015,SABO INDUS.E COMERCIO DEAUTOPE큐S LTDA.,10,62.014
SAB 80268,20,12/1/2017,SABO INDUS.E COMERCIO DEAUTOPE큐S LTDA.,12.8,50.592
SAB 80262,20,16/11/2016,SABO INDUS.E COMERCIO DEAUTOPE큐S LTDA.,7.82,48.344
SAB 80350,10,16/11/2016,SABO INDUS.E COMERCIO DEAUTOPE큐S LTDA.,28.8,178.051
SAB 80196,10,26/5/2014,SABO INDUS.E COMERCIO DEAUTOPE큐S LTDA.,33.18,159.755
SAB 80349,1,7/9/2016,SABO INDUS.E COMERCIO DEAUTOPE큐S LTDA.,36,215.863
SAB 70606 EFPSD,15,7/9/2016,SABO INDUS.E COMERCIO DEAUTOPE큐S LTDA.,18,107.932
SAB 70006 EFPSD,3,7/9/2016,SABO INDUS.E COMERCIO DEAUTOPE큐S LTDA.,14,83.947
SAB 70207 EFPSD,20,7/9/2016,SABO INDUS.E COMERCIO DEAUTOPE큐S LTDA.,20.8,124.721
SAB 10906 EFPSG,0,,,,72.620
SAB 10306 EFPSG,0,,,,50.990
SAB 80279,6,7/9/2016,SABO INDUS.E COMERCIO DEAUTOPE큐S LTDA.,64.55,387.055
SAB 71706 EFPSD4,10,7/9/2016,SABO INDUS.E COMERCIO DEAUTOPE큐S LTDA.,24.4,146.307
SAB 71806 EFPSD,3,7/9/2016,SABO INDUS.E COMERCIO DEAUTOPE큐S LTDA.,24,143.909
SAB 71206 EFPSD,8,30/4/2018,SABO INDUS.E COMERCIO DEAUTOPE큐S LTDA.,30,179.005
SAB 71106 EFPSD,4,19/12/2017,SABO INDUS.E COMERCIO DEAUTOPE큐S LTDA.,33.2,201.743
SAB 80277,6,30/12/2014,SABO INDUS.E COMERCIO DEAUTOPE큐S LTDA.,48.83,245.871
SAB 70206 EF3,1,30/4/2018,SABO INDUS.E COMERCIO DEAUTOPE큐S LTDA.,6.92,41.290
SAB 80555,10,30/4/2018,SABO INDUS.E COMERCIO DEAUTOPE큐S LTDA.,129.22,771.034
SAB 79310,100,30/4/2018,SABO INDUS.E COMERCIO DEAUTOPE큐S LTDA.,13.8,82.342
SAB 80112,100,30/4/2018,SABO INDUS.E COMERCIO DEAUTOPE큐S LTDA.,82.8,494.054
SAB 80412,120,17/9/2018,SABO INDUS.E COMERCIO DEAUTOPE큐S LTDA.,30.4,190.789
SAB 80901,50,30/4/2018,SABO INDUS.E COMERCIO DEAUTOPE큐S LTDA.,94.98,566.730
SAB 79150,300,17/9/2018,SABO INDUS.E COMERCIO DEAUTOPE큐S LTDA.,9.83,61.692
SAB 11706 EFPSD,1,28/8/2013,SABO INDUS.E COMERCIO DEAUTOPE큐S LTDA.,20.31,97.585
SAB 11806 EFPSD,4,16/11/2016,SABO INDUS.E COMERCIO DEAUTOPE큐S LTDA.,22,136.011
SAB 71806 EFPSD4,10,25/11/2011,SABO INDUS.E COMERCIO DEAUTOPE큐S LTDA.,25.2,118.265
SAB 71606 EFPSD,3,7/9/2016,SABO INDUS.E COMERCIO DEAUTOPE큐S LTDA.,15.6,93.541
SAB 71706 EFPSD,10,25/11/2011,SABO INDUS.E COMERCIO DEAUTOPE큐S LTDA.,21.6,101.370
SAB 80308,1,19/4/2018,SANTA ELENA S.A.,,832.116
SAB 80317,4,3/1/2014,SABO INDUS.E COMERCIO DEAUTOPE큐S LTDA.,121.38,466.642
SAB 80320,2,9/12/2016,SABO INDUS.E COMERCIO DEAUTOPE큐S LTDA.,99.48,629.172
SAB 80321,1,6/5/2015,SABO INDUS.E COMERCIO DEAUTOPE큐S LTDA.,105.6,353.729
SAB 80322,1,6/5/2015,SABO INDUS.E COMERCIO DEAUTOPE큐S LTDA.,95.76,517.928
SAB 46906 EFSG,5,3/1/2014,SABO INDUS.E COMERCIO DEAUTOPE큐S LTDA.,13.51,66.951
SAB 81800,15,19/12/2017,SABO INDUS.E COMERCIO DEAUTOPE큐S LTDA.,4.8,29.168
SAB 80224,60,30/4/2018,SABO INDUS.E COMERCIO DEAUTOPE큐S LTDA.,8.24,49.167
SAB 80450,10,16/11/2016,SABO INDUS.E COMERCIO DEAUTOPE큐S LTDA.,8,49.459
SAB 46306 EFSD1,10,16/11/2016,SABO INDUS.E COMERCIO DEAUTOPE큐S LTDA.,12.42,76.809
SAB 78447,50,19/12/2017,SABO INDUS.E COMERCIO DEAUTOPE큐S LTDA.,1.18,7.170
SAB 79311,30,30/4/2018,SABO INDUS.E COMERCIO DEAUTOPE큐S LTDA.,18.59,110.923
SAB 79563,18,8/2/2017,SABO INDUS.E COMERCIO DEAUTOPE큐S LTDA.,1.57,7.040
SAB 78448,60,30/4/2018,SABO INDUS.E COMERCIO DEAUTOPE큐S LTDA.,1.25,7.459
SAB 77075,33,9/2/2016,SABO INDUS.E COMERCIO DEAUTOPE큐S LTDA.,4,24.535
SAB 79109,18,3/10/2018,IDICON S.A.,,38.975
SAB 10301 FPSG2,10,16/11/2016,SABO INDUS.E COMERCIO DEAUTOPE큐S LTDA.,2.91,18.002
SAB 16206 EFPSG,10,16/11/2016,SABO INDUS.E COMERCIO DEAUTOPE큐S LTDA.,12.5,77.277
SAB 46507 EFPSG,10,16/11/2016,SABO INDUS.E COMERCIO DEAUTOPE큐S LTDA.,14.65,90.582
SAB 80019,10,16/11/2016,SABO INDUS.E COMERCIO DEAUTOPE큐S LTDA.,16.93,104.671
SAB 80271,15,16/11/2016,SABO INDUS.E COMERCIO DEAUTOPE큐S LTDA.,12.28,75.946
SAB 46812 F1,100,30/4/2018,SABO INDUS.E COMERCIO DEAUTOPE큐S LTDA.,0.22,1.313
SAB 46512 F2,60,30/4/2018,SABO INDUS.E COMERCIO DEAUTOPE큐S LTDA.,0.57,3.401
SAB 75924,1,28/8/2013,SABO INDUS.E COMERCIO DEAUTOPE큐S LTDA.,2.7,12.973
SAB 11226 F,10,16/11/2016,SABO INDUS.E COMERCIO DEAUTOPE큐S LTDA.,0.76,4.699
SAB 51026 EF,10,30/4/2018,SABO INDUS.E COMERCIO DEAUTOPE큐S LTDA.,0.84,5.012
SAB 10826 EF,30,9/12/2016,SABO INDUS.E COMERCIO DEAUTOPE큐S LTDA.,0.37,2.340
SAB 48332 FS2,10,8/2/2017,SABO INDUS.E COMERCIO DEAUTOPE큐S LTDA.,1.65,7.993
SAB 48332 EF,20,24/1/2013,SANTA ELENA S.A.,,9.003
SAB 48318 F,80,30/4/2018,SABO INDUS.E COMERCIO DEAUTOPE큐S LTDA.,1.59,9.487
SAB 48626 F,70,30/4/2018,SABO INDUS.E COMERCIO DEAUTOPE큐S LTDA.,2.23,13.306
SAB 48832 FS2,150,30/4/2018,SABO INDUS.E COMERCIO DEAUTOPE큐S LTDA.,2.3,13.724
SAB 48832 EF,120,19/12/2017,SABO INDUS.E COMERCIO DEAUTOPE큐S LTDA.,1.85,6.937
SAB 46726 EF,20,30/4/2018,SABO INDUS.E COMERCIO DEAUTOPE큐S LTDA.,0.82,4.893
SAB 75943,100,30/4/2018,SABO INDUS.E COMERCIO DEAUTOPE큐S LTDA.,3.04,18.139
SAB 46626 EF,30,19/12/2017,SABO INDUS.E COMERCIO DEAUTOPE큐S LTDA.,0.47,1.113
SAB 75028,10,8/7/2016,SABO INDUS.E COMERCIO DEAUTOPE큐S LTDA.,2.62,15.546
SAB 48180 EF,20,30/4/2018,SABO INDUS.E COMERCIO DEAUTOPE큐S LTDA.,0.76,4.535
SAB 48380 EF,60,9/8/2018,IDICON S.A.,,5.191
SAB 46580 F,0,,,,15.545
SAB 77070,80,17/9/2018,SABO INDUS.E COMERCIO DEAUTOPE큐S LTDA.,1.92,12.050
SAB 48816 EF,3,18/9/2018,SANTA ELENA S.A.,,15.794
SAB 48116 EF,30,17/9/2018,SABO INDUS.E COMERCIO DEAUTOPE큐S LTDA.,2.08,13.054
SAB 11315 EF,80,31/12/2015,SABO INDUS.E COMERCIO DEAUTOPE큐S LTDA.,0.82,4.292
SAB 70616 EF,0,,,,3.274
SAB 95904,60,30/4/2018,SABO INDUS.E COMERCIO DEAUTOPE큐S LTDA.,2.26,13.485
SAB 59616 F,80,30/4/2018,SABO INDUS.E COMERCIO DEAUTOPE큐S LTDA.,1.73,10.323
SAB 96224,151,30/4/2018,SABO INDUS.E COMERCIO DEAUTOPE큐S LTDA.,3.29,19.631
SAB 46816 F2,50,30/4/2018,SABO INDUS.E COMERCIO DEAUTOPE큐S LTDA.,1.54,9.189
SAB 75944,4,30/12/2014,SABO INDUS.E COMERCIO DEAUTOPE큐S LTDA.,5.46,19.117
SAB 75922,24,8/7/2016,SABO INDUS.E COMERCIO DEAUTOPE큐S LTDA.,5.6,33.168
SAB 48540 F,100,19/12/2017,SABO INDUS.E COMERCIO DEAUTOPE큐S LTDA.,0.6,3.646
SAB 48822 F1,40,8/7/2016,SABO INDUS.E COMERCIO DEAUTOPE큐S LTDA.,1.36,8.079
SAB 48322 F,50,17/9/2018,SABO INDUS.E COMERCIO DEAUTOPE큐S LTDA.,0.44,2.761
SAB 10838 F,25,9/12/2016,SABO INDUS.E COMERCIO DEAUTOPE큐S LTDA.,0.37,2.340
SAB 10334 F,25,28/8/2013,SABO INDUS.E COMERCIO DEAUTOPE큐S LTDA.,0.53,2.547
SAB 46808 F,100,12/1/2017,SABO INDUS.E COMERCIO DEAUTOPE큐S LTDA.,0.34,1.654
SAB 46935 F,150,8/2/2017,SABO INDUS.E COMERCIO DEAUTOPE큐S LTDA.,0.2,1.250
SAB 48321 F,20,24/1/2013,SANTA ELENA S.A.,,5.295
SAB 48821 F4,30,17/9/2018,SABO INDUS.E COMERCIO DEAUTOPE큐S LTDA.,1.41,8.849
SAB 48821 F5,20,23/7/2010,SABO INDUS.E COMERCIO DEAUTOPE큐S LTDA.,2.3,11.848
SAB 46821 F1,20,30/4/2018,SABO INDUS.E COMERCIO DEAUTOPE큐S LTDA.,1.22,7.280
SAB 48861 F,400,17/9/2018,SABO INDUS.E COMERCIO DEAUTOPE큐S LTDA.,0.19,1.192
SAB 80269,10,16/11/2016,SABO INDUS.E COMERCIO DEAUTOPE큐S LTDA.,6.19,38.273
SAB 75652,100,30/4/2018,SABO INDUS.E COMERCIO DEAUTOPE큐S LTDA.,0.62,3.699
SAB 75653,120,30/4/2018,SABO INDUS.E COMERCIO DEAUTOPE큐S LTDA.,0.6,3.580
SAB 76904,3,11/10/2017,SABO INDUS.E COMERCIO DEAUTOPE큐S LTDA.,14.76,90.681
SAB 75655,60,30/4/2018,SABO INDUS.E COMERCIO DEAUTOPE큐S LTDA.,1,5.967
SAB 75651,150,19/12/2017,SABO INDUS.E COMERCIO DEAUTOPE큐S LTDA.,0.99,4.777
SAB 75960,10,30/12/2014,SABO INDUS.E COMERCIO DEAUTOPE큐S LTDA.,1.38,6.949
SAB 75923,0,,,,5.062
SAB 82310,15,7/9/2016,SABO INDUS.E COMERCIO DEAUTOPE큐S LTDA.,5.09,20.868
SAB 48627 F,10,17/9/2018,SABO INDUS.E COMERCIO DEAUTOPE큐S LTDA.,1.32,8.282
SAB 48527 EF,0,,,,5.997
SAB 48801 F,10,6/10/2011,SANTA ELENA S.A.,,21.903
SAB 48802 FPSD4,100,17/9/2018,SABO INDUS.E COMERCIO DEAUTOPE큐S LTDA.,5.54,34.768
SAB 48902 FPSD,18,8/3/2011,SABO INDUS.E COMERCIO DEAUTOPE큐S LTDA.,3.46,14.769
SAB 48903 FPSD,50,25/11/2011,SABO INDUS.E COMERCIO DEAUTOPE큐S LTDA.,2.35,11.038
SAB 48901 FPSD,30,26/5/2014,SABO INDUS.E COMERCIO DEAUTOPE큐S LTDA.,4.92,22.601
SAB 82175,150,30/4/2018,SABO INDUS.E COMERCIO DEAUTOPE큐S LTDA.,5.29,31.565
SAB 80226,80,30/4/2018,SABO INDUS.E COMERCIO DEAUTOPE큐S LTDA.,7.01,41.827
SAB 48301 FPSD4,80,30/4/2018,SABO INDUS.E COMERCIO DEAUTOPE큐S LTDA.,3.95,23.569
SAB 82904,50,17/9/2018,SABO INDUS.E COMERCIO DEAUTOPE큐S LTDA.,12.46,78.198
SAB 82924,10,17/9/2018,SABO INDUS.E COMERCIO DEAUTOPE큐S LTDA.,19.47,122.194
SAB 10801 FPSG,10,12/1/2017,SABO INDUS.E COMERCIO DEAUTOPE큐S LTDA.,1.8,11.238
SAB 82232,100,30/4/2018,SABO INDUS.E COMERCIO DEAUTOPE큐S LTDA.,2.18,13.008
SAB 82233,30,30/4/2018,SABO INDUS.E COMERCIO DEAUTOPE큐S LTDA.,2.41,14.380
SAB 82234,100,30/4/2018,SABO INDUS.E COMERCIO DEAUTOPE큐S LTDA.,2.1,12.530
SAB 82241,40,19/12/2017,SABO INDUS.E COMERCIO DEAUTOPE큐S LTDA.,2.14,6.684
SAB 51001 FPSG2,40,12/1/2017,SABO INDUS.E COMERCIO DEAUTOPE큐S LTDA.,2.8,13.506
SAB 51201 FLEX,50,30/4/2018,SABO INDUS.E COMERCIO DEAUTOPE큐S LTDA.,2.42,14.440
SAB 82301,10,12/1/2017,SABO INDUS.E COMERCIO DEAUTOPE큐S LTDA.,5.41,24.326
SAB 11301 FPSG,20,9/2/2016,SABO INDUS.E COMERCIO DEAUTOPE큐S LTDA.,2.44,12.878
SAB 11701 FPSD,5,7/9/2016,SABO INDUS.E COMERCIO DEAUTOPE큐S LTDA.,5.09,30.521
SAB 11302 FPSG4,10,24/10/2014,SABO INDUS.E COMERCIO DEAUTOPE큐S LTDA.,2.14,9.158
SAB 82071,15,16/11/2016,SABO INDUS.E COMERCIO DEAUTOPE큐S LTDA.,2.04,12.601
SAB 82239,100,30/4/2018,SABO INDUS.E COMERCIO DEAUTOPE큐S LTDA.,1.6,9.547
SAB 82230,20,30/4/2018,SABO INDUS.E COMERCIO DEAUTOPE큐S LTDA.,2.17,12.948
SAB 11801 FPSD,10,7/9/2016,SABO INDUS.E COMERCIO DEAUTOPE큐S LTDA.,5.4,32.380
SAB 46301 FPSD,10,9/12/2016,SABO INDUS.E COMERCIO DEAUTOPE큐S LTDA.,4.46,28.208
SAB 46301 FPSD1,20,12/1/2017,SABO INDUS.E COMERCIO DEAUTOPE큐S LTDA.,4.56,28.480
SAB 46301 FPSD2,30,30/4/2018,SABO INDUS.E COMERCIO DEAUTOPE큐S LTDA.,4.61,27.507
SAB 82223,5,7/9/2016,SABO INDUS.E COMERCIO DEAUTOPE큐S LTDA.,10,32.740
SAB 82415,5,7/9/2016,SABO INDUS.E COMERCIO DEAUTOPE큐S LTDA.,12.21,73.214
SAB 82240,12,19/12/2017,SABO INDUS.E COMERCIO DEAUTOPE큐S LTDA.,7.2,25.346
SAB 99914,11,8/2/2017,SABO INDUS.E COMERCIO DEAUTOPE큐S LTDA.,53.06,331.559
SAB 82295,1,5/12/2017,SANTA ELENA S.A.,,239.025
SAB 82220,50,12/1/2017,SABO INDUS.E COMERCIO DEAUTOPE큐S LTDA.,2.73,13.138
SAB 16101 FPSG,80,30/4/2018,SABO INDUS.E COMERCIO DEAUTOPE큐S LTDA.,1.92,11.456
SAB 71601 FPSD,20,19/12/2017,SABO INDUS.E COMERCIO DEAUTOPE큐S LTDA.,1.8,8.682
SAB 79100,24,4/10/2018,SANTA ELENA S.A.,,70.466
SAB 70001 FPSD,6,3/1/2014,SABO INDUS.E COMERCIO DEAUTOPE큐S LTDA.,3.01,12.878
SAB 70601 FPSD,15,9/2/2016,SABO INDUS.E COMERCIO DEAUTOPE큐S LTDA.,3.3,20.272
SAB 70701 FPSD,4,30/4/2018,SABO INDUS.E COMERCIO DEAUTOPE큐S LTDA.,9.36,55.850
SAB 46901 FG2,30,12/1/2017,SABO INDUS.E COMERCIO DEAUTOPE큐S LTDA.,2.04,12.725
SAB 46701 FLEX,140,8/2/2017,SABO INDUS.E COMERCIO DEAUTOPE큐S LTDA.,3.25,14.613
SAB 99961,2100,19/12/2017,SABO INDUS.E COMERCIO DEAUTOPE큐S LTDA.,8,38.587
SAB 82350,50,17/9/2018,SABO INDUS.E COMERCIO DEAUTOPE큐S LTDA.,5.05,31.693
SAB 82231,530,31/10/2011,SABO INDUS.E COMERCIO DEAUTOPE큐S LTDA.,3.09,13.221
SAB 82313,30,17/9/2018,SABO INDUS.E COMERCIO DEAUTOPE큐S LTDA.,2.01,12.615
SAB 46501 FLEX,300,30/4/2018,SABO INDUS.E COMERCIO DEAUTOPE큐S LTDA.,2.5,14.917
SAB 11001 FPSG4,20,19/12/2017,SABO INDUS.E COMERCIO DEAUTOPE큐S LTDA.,2.16,13.125
SAB 82300,20,19/12/2017,SABO INDUS.E COMERCIO DEAUTOPE큐S LTDA.,6.84,28.331
SAB 07800,15,30/4/2018,SABO INDUS.E COMERCIO DEAUTOPE큐S LTDA.,10.13,60.444
SAB 78701,100,20/12/2011,SABO INDUS.E COMERCIO DEAUTOPE큐S LTDA.,9.84,47.995
SAB 78700,20,26/3/2014,SABO INDUS.E COMERCIO DEAUTOPE큐S LTDA.,6.52,30.962
SAB 78570,4,26/4/2011,SABO INDUS.E COMERCIO DEAUTOPE큐S LTDA.,9.78,43.780
SAB 78585,6,25/8/2010,SABO INDUS.E COMERCIO DEAUTOPE큐S LTDA.,2.26,11.688
SAB 01090,60,30/4/2018,SABO INDUS.E COMERCIO DEAUTOPE큐S LTDA.,5.72,34.130
SAB 02927 BREF,24,30/12/2014,SABO INDUS.E COMERCIO DEAUTOPE큐S LTDA.,0.47,2.367
SAB 07943,200,19/12/2017,SABO INDUS.E COMERCIO DEAUTOPE큐S LTDA.,5.87,35.670
SAB 07790KIT,6,14/10/2017,AUTOMOVIL SUPPLY S.A.,,110.091
SAB 00222BAG,200,11/10/2017,SABO INDUS.E COMERCIO DEAUTOPE큐S LTDA.,0.83,5.081
SAB 00904 BRGE,100,7/9/2016,SABO INDUS.E COMERCIO DEAUTOPE큐S LTDA.,0.66,3.957
SAB 00305 BAG,25,7/9/2016,SABO INDUS.E COMERCIO DEAUTOPE큐S LTDA.,1.27,7.615
SAB 01927BR,100,11/10/2017,SABO INDUS.E COMERCIO DEAUTOPE큐S LTDA.,2.23,13.713
SAB 01509 BR,228,16/11/2016,SABO INDUS.E COMERCIO DEAUTOPE큐S LTDA.,1.44,8.903
SAB 01422 BR,50,16/11/2016,SABO INDUS.E COMERCIO DEAUTOPE큐S LTDA.,0.44,2.720
SAB 01135 BR,50,16/11/2016,SABO INDUS.E COMERCIO DEAUTOPE큐S LTDA.,0.99,6.133
SAB 01832 BR,100,11/10/2017,SABO INDUS.E COMERCIO DEAUTOPE큐S LTDA.,0.71,4.382
SAB 02506 BR,20,7/9/2016,SABO INDUS.E COMERCIO DEAUTOPE큐S LTDA.,0.94,5.636
SAB 02319 BRGE,15,16/11/2016,SABO INDUS.E COMERCIO DEAUTOPE큐S LTDA.,1.38,8.532
SAB 02681 BARG,10,16/11/2016,SABO INDUS.E COMERCIO DEAUTOPE큐S LTDA.,1.65,10.225
SAB 02682 BRAG,15,9/12/2016,SABO INDUS.E COMERCIO DEAUTOPE큐S LTDA.,1.48,9.335
SAB 10409 MR,20,16/11/2016,SABO INDUS.E COMERCIO DEAUTOPE큐S LTDA.,0.5,3.066
SAB 05313 BRG,50,16/11/2016,SABO INDUS.E COMERCIO DEAUTOPE큐S LTDA.,7.52,46.491
SAB 02837 BAG,10,16/11/2016,SABO INDUS.E COMERCIO DEAUTOPE큐S LTDA.,0.72,4.461
SAB 02836 BAGE,50,16/11/2016,SABO INDUS.E COMERCIO DEAUTOPE큐S LTDA.,1.4,8.655
SAB 05062 BRAG,20,16/11/2016,SABO INDUS.E COMERCIO DEAUTOPE큐S LTDA.,3.91,24.172
SAB 05198 SIST,20,9/12/2016,SABO INDUS.E COMERCIO DEAUTOPE큐S LTDA.,7,44.252
SAB 07309 BRAGP,250,16/11/2016,SABO INDUS.E COMERCIO DEAUTOPE큐S LTDA.,0.86,5.317
SAB 09300 BRE,40,30/12/2014,SABO INDUS.E COMERCIO DEAUTOPE큐S LTDA.,0.69,3.474
SAB 05702 KIT,2000,30/4/2018,SABO INDUS.E COMERCIO DEAUTOPE큐S LTDA.,2.85,17.005
SAB 09228 BRE,54,16/11/2016,SABO INDUS.E COMERCIO DEAUTOPE큐S LTDA.,0.38,2.348
SAB 07139 BAGE,15,16/11/2016,SABO INDUS.E COMERCIO DEAUTOPE큐S LTDA.,3.89,24.034
SAB 07452 BRAG,15,16/11/2016,SABO INDUS.E COMERCIO DEAUTOPE큐S LTDA.,1.22,7.518
SAB 07453 BRAG,11,16/11/2016,SABO INDUS.E COMERCIO DEAUTOPE큐S LTDA.,1.24,7.666
SAB 05772 GAHFE,10,16/11/2016,SABO INDUS.E COMERCIO DEAUTOPE큐S LTDA.,7.39,45.708
SAB 01949 BR,60,30/4/2018,SABO INDUS.E COMERCIO DEAUTOPE큐S LTDA.,1.36,8.115
SAB 00131 BR,2000,2/10/2015,SABO INDUS.E COMERCIO DEAUTOPE큐S LTDA.,0.38,1.758
SAB 02376 BRG,200,7/9/2016,SABO INDUS.E COMERCIO DEAUTOPE큐S LTDA.,0.75,4.497
SAB 00520 BR,20,26/3/2014,SABO INDUS.E COMERCIO DEAUTOPE큐S LTDA.,0.89,4.226
SAB 00734 BR,252,11/10/2017,SABO INDUS.E COMERCIO DEAUTOPE큐S LTDA.,0.55,3.379
SAB 00379 BR,30,7/9/2016,SABO INDUS.E COMERCIO DEAUTOPE큐S LTDA.,0.91,5.457
SAB 00181 BE,30,30/4/2018,SABO INDUS.E COMERCIO DEAUTOPE큐S LTDA.,1.73,10.323
SAB 00912 BRG,30,7/9/2016,SABO INDUS.E COMERCIO DEAUTOPE큐S LTDA.,0.73,4.377
SAB 00556 GB,40,30/12/2014,SABO INDUS.E COMERCIO DEAUTOPE큐S LTDA.,1.18,5.942
SAB 00793 BA,25,7/9/2016,SABO INDUS.E COMERCIO DEAUTOPE큐S LTDA.,1.12,6.716
SAB 01535 BR,20,26/3/2014,SABO INDUS.E COMERCIO DEAUTOPE큐S LTDA.,0.74,3.514
SAB 01550 BR,40,7/9/2016,SABO INDUS.E COMERCIO DEAUTOPE큐S LTDA.,0.46,2.758
SAB 01962 BA,20,7/9/2016,SABO INDUS.E COMERCIO DEAUTOPE큐S LTDA.,0.59,3.538
SAB 01677 BR,10,16/11/2016,SABO INDUS.E COMERCIO DEAUTOPE큐S LTDA.,0.57,3.524
SAB 01193 BR,30,7/9/2016,SABO INDUS.E COMERCIO DEAUTOPE큐S LTDA.,2.17,13.012
SAB 01992 BR,40,7/9/2016,SABO INDUS.E COMERCIO DEAUTOPE큐S LTDA.,0.36,2.159
SAB 01993 BR,20,7/9/2016,SABO INDUS.E COMERCIO DEAUTOPE큐S LTDA.,0.8,4.797
SAB 01266 BAG,20,7/9/2016,SABO INDUS.E COMERCIO DEAUTOPE큐S LTDA.,1.57,9.414
SAB 01933 BABE,15,30/12/2014,SABO INDUS.E COMERCIO DEAUTOPE큐S LTDA.,2.81,14.149
SAB 02020 S,200,12/11/2015,SABO INDUS.E COMERCIO DEAUTOPE큐S LTDA.,1.45,8.592
SAB 02606 BA,20,3/3/2015,SABO INDUS.E COMERCIO DEAUTOPE큐S LTDA.,1.8,9.241
SAB 02128 BA,40,7/9/2016,SABO INDUS.E COMERCIO DEAUTOPE큐S LTDA.,1.34,8.035
SAB 02221 BA,20,7/9/2016,SABO INDUS.E COMERCIO DEAUTOPE큐S LTDA.,1.32,7.915
SAB 02531 BR,46,30/4/2018,SABO INDUS.E COMERCIO DEAUTOPE큐S LTDA.,2.29,13.664
SAB 02744 GY,50,7/9/2016,SABO INDUS.E COMERCIO DEAUTOPE큐S LTDA.,1.35,8.095
SAB 02084 BA,30,7/9/2016,SABO INDUS.E COMERCIO DEAUTOPE큐S LTDA.,2.46,14.751
SAB 02095 GA,25,7/9/2016,SABO INDUS.E COMERCIO DEAUTOPE큐S LTDA.,0.72,4.317
SAB 02449 BRG,20,7/9/2016,SABO INDUS.E COMERCIO DEAUTOPE큐S LTDA.,3.6,21.586
SAB 02267 BBO,30,26/3/2014,SABO INDUS.E COMERCIO DEAUTOPE큐S LTDA.,5.84,27.755
SAB 02077 BAG,20,7/9/2016,SABO INDUS.E COMERCIO DEAUTOPE큐S LTDA.,1.82,10.913
SAB 02026 GGGX,50,7/9/2016,SABO INDUS.E COMERCIO DEAUTOPE큐S LTDA.,0.76,4.557
SAB 02671 BRGF,30,7/9/2016,SABO INDUS.E COMERCIO DEAUTOPE큐S LTDA.,4.29,25.724
SAB 02879 BAG,30,30/12/2014,SABO INDUS.E COMERCIO DEAUTOPE큐S LTDA.,0.82,4.129
SAB 02833 BAGG,20,16/11/2016,SABO INDUS.E COMERCIO DEAUTOPE큐S LTDA.,1.33,8.223
SAB 02871 BRAG,2,25/11/2011,SABO INDUS.E COMERCIO DEAUTOPE큐S LTDA.,4.31,20.209
SAB 02664 BAG,30,7/9/2016,SABO INDUS.E COMERCIO DEAUTOPE큐S LTDA.,1.28,7.675
SAB 02468 BRG,150,7/9/2016,SABO INDUS.E COMERCIO DEAUTOPE큐S LTDA.,0.67,4.017
SAB 01991 G,40,18/12/2009,SABO INDUS.E COMERCIO DEAUTOPE큐S LTDA.,0.63,3.202
SAB 01188 BR,0,,,,6.257
SAB 01635 BR,20,26/3/2014,SABO INDUS.E COMERCIO DEAUTOPE큐S LTDA.,0.92,4.369
SAB 01038 B,10,26/3/2014,SABO INDUS.E COMERCIO DEAUTOPE큐S LTDA.,5.48,26.023
SAB 05074 BRAG,15,16/11/2016,SABO INDUS.E COMERCIO DEAUTOPE큐S LTDA.,1.02,6.287
SAB 01273 BA,328,2/10/2015,SABO INDUS.E COMERCIO DEAUTOPE큐S LTDA.,0.53,2.452
SAB 01371 BAG,10,7/9/2016,SABO INDUS.E COMERCIO DEAUTOPE큐S LTDA.,2.34,14.031
SAB 01802 BR,20,26/3/2014,SABO INDUS.E COMERCIO DEAUTOPE큐S LTDA.,1.87,8.880
SAB 01679 BRG,30,26/3/2014,SABO INDUS.E COMERCIO DEAUTOPE큐S LTDA.,1.76,8.373
SAB 01783 BRG,100,26/3/2014,SABO INDUS.E COMERCIO DEAUTOPE큐S LTDA.,1.03,4.904
SAB 01807 BAG,20,9/6/2012,SABO INDUS.E COMERCIO DEAUTOPE큐S LTDA.,3.85,19.202
SAB 00498 BR,20,26/5/2014,SABO INDUS.E COMERCIO DEAUTOPE큐S LTDA.,2.22,10.689
SAB 00013 BRG,30,26/3/2014,SABO INDUS.E COMERCIO DEAUTOPE큐S LTDA.,0.82,3.886
SAB 00501 BR,20,9/6/2012,SABO INDUS.E COMERCIO DEAUTOPE큐S LTDA.,1.03,5.137
SAB 00517 BR,15,5/4/2018,SANTA ELENA S.A.,,14.121
SAB 00051 BR,40,7/9/2016,SABO INDUS.E COMERCIO DEAUTOPE큐S LTDA.,1.9,11.393
SAB 00030 B,6,26/10/2010,SABO INDUS.E COMERCIO DEAUTOPE큐S LTDA.,1.34,7.160
SAB 00116 B,20,26/3/2014,SABO INDUS.E COMERCIO DEAUTOPE큐S LTDA.,1.98,9.403
SAB 05075 BRAG,200,21/2/2014,SABO INDUS.E COMERCIO DEAUTOPE큐S LTDA.,2.54,12.198
SAB 00838 B,20,30/12/2014,SABO INDUS.E COMERCIO DEAUTOPE큐S LTDA.,2.32,11.682
SAB 01395 B,302,9/6/2012,SABO INDUS.E COMERCIO DEAUTOPE큐S LTDA.,0.9,4.489
SAB 00952 BR,50,26/3/2014,SABO INDUS.E COMERCIO DEAUTOPE큐S LTDA.,2.43,11.519
SAB 02225 BR,20,25/11/2011,SABO INDUS.E COMERCIO DEAUTOPE큐S LTDA.,3.69,17.313
SAB 02315 GA,50,22/3/2013,SABO INDUS.E COMERCIO DEAUTOPE큐S LTDA.,0.83,3.613
SAB 01699 BR,20,26/3/2014,SABO INDUS.E COMERCIO DEAUTOPE큐S LTDA.,0.72,3.419
SAB 00891 BRG,20,26/3/2014,SABO INDUS.E COMERCIO DEAUTOPE큐S LTDA.,2.39,11.350
SAB 00228 BAG,70,16/11/2016,SABO INDUS.E COMERCIO DEAUTOPE큐S LTDA.,1.62,10.015
SAB 02265 GA,15,26/3/2014,SABO INDUS.E COMERCIO DEAUTOPE큐S LTDA.,0.96,4.559
SAB 02385 BA,50,30/4/2018,SABO INDUS.E COMERCIO DEAUTOPE큐S LTDA.,0.7,4.177
SAB 00231 BRG,20,28/8/2013,SABO INDUS.E COMERCIO DEAUTOPE큐S LTDA.,0.98,4.709
SAB 02006 BAG,600,30/4/2018,SABO INDUS.E COMERCIO DEAUTOPE큐S LTDA.,1.35,8.055
SAB 05688 BRAGF,30,30/4/2018,SABO INDUS.E COMERCIO DEAUTOPE큐S LTDA.,0.9,5.370
SAB 07458 BRG,200,30/6/2011,SABO INDUS.E COMERCIO DEAUTOPE큐S LTDA.,3.5,14.923
SAB 02862BRAG,15,26/5/2014,SABO INDUS.E COMERCIO DEAUTOPE큐S LTDA.,2.35,11.315
SAB 00224 BRGE1,60,30/4/2018,SABO INDUS.E COMERCIO DEAUTOPE큐S LTDA.,1.3,7.757
SAB 00289 BA,10,16/11/2016,SABO INDUS.E COMERCIO DEAUTOPE큐S LTDA.,0.67,4.142
SAB 05353 BRG,20,12/1/2017,SABO INDUS.E COMERCIO DEAUTOPE큐S LTDA.,3.06,19.116
SAB 02075 BRE,150,30/4/2018,SABO INDUS.E COMERCIO DEAUTOPE큐S LTDA.,1.03,6.146
SAB 00224BRGE,20,16/11/2016,SABO INDUS.E COMERCIO DEAUTOPE큐S LTDA.,1.26,7.792
SAB 02727 BRG,30,7/9/2016,SABO INDUS.E COMERCIO DEAUTOPE큐S LTDA.,0.78,4.677
SAB 05502 GHSI,100,30/4/2018,SABO INDUS.E COMERCIO DEAUTOPE큐S LTDA.,11,65.635
SAB 05239 GHSIF,60,19/12/2017,SABO INDUS.E COMERCIO DEAUTOPE큐S LTDA.,9.04,54.932
SAB 02583 BRG,30,30/4/2018,SABO INDUS.E COMERCIO DEAUTOPE큐S LTDA.,4.15,24.762
SAB 05155 GRAHF,30,30/4/2018,SABO INDUS.E COMERCIO DEAUTOPE큐S LTDA.,4.94,29.476
SAB 5699,300,19/12/2017,SABO INDUS.E COMERCIO DEAUTOPE큐S LTDA.,12,72.919
SAB 02845 BRAG,200,12/1/2017,SABO INDUS.E COMERCIO DEAUTOPE큐S LTDA.,2.04,12.763
SAB 02269 BAG,15,16/11/2016,SABO INDUS.E COMERCIO DEAUTOPE큐S LTDA.,4.03,24.889
SAB 05245 MJEF,3200,30/4/2018,SABO INDUS.E COMERCIO DEAUTOPE큐S LTDA.,4.72,28.163
SAB 5338,150,30/4/2018,SABO INDUS.E COMERCIO DEAUTOPE큐S LTDA.,6,35.801
SAB 05166 BRAG,200,25/4/2013,SABO INDUS.E COMERCIO DEAUTOPE큐S LTDA.,2.3,6.868
SAB 05254 BRGF,15,3/3/2015,SABO INDUS.E COMERCIO DEAUTOPE큐S LTDA.,4.94,25.361
SAB 02629 BRAG,50,11/10/2017,SABO INDUS.E COMERCIO DEAUTOPE큐S LTDA.,3.18,19.549
SAB 02283 BRG,200,30/4/2018,SABO INDUS.E COMERCIO DEAUTOPE큐S LTDA.,2.75,16.409
SAB 02525 BRAG,250,30/4/2018,SABO INDUS.E COMERCIO DEAUTOPE큐S LTDA.,1.67,9.965
SAB 00853 BR,40,8/7/2016,SABO INDUS.E COMERCIO DEAUTOPE큐S LTDA.,1.03,6.099
SAB 01980 BR,200,7/9/2016,SABO INDUS.E COMERCIO DEAUTOPE큐S LTDA.,0.48,2.878
SAB 02730 BRG,10,9/12/2016,SABO INDUS.E COMERCIO DEAUTOPE큐S LTDA.,1.24,6.454
SAB 01386 BRG,13,24/4/2013,SABO INDUS.E COMERCIO DEAUTOPE큐S LTDA.,3.06,15.177
SAB 00911 BRG,25,7/9/2016,SABO INDUS.E COMERCIO DEAUTOPE큐S LTDA.,0.64,3.838
SAB 02963 BRO,100,16/11/2016,SABO INDUS.E COMERCIO DEAUTOPE큐S LTDA.,1.41,8.717
SAB 00994 BRG,20,29/8/2013,SABO INDUS.E COMERCIO DEAUTOPE큐S LTDA.,0.38,1.914
SAB 00508 BA,20,22/3/2013,SABO INDUS.E COMERCIO DEAUTOPE큐S LTDA.,0.5,2.176
SAB 02132 BRE,20,30/12/2014,SABO INDUS.E COMERCIO DEAUTOPE큐S LTDA.,1.43,7.200
SAB 07985 BRY,60,17/9/2018,SABO INDUS.E COMERCIO DEAUTOPE큐S LTDA.,4.4,27.614
SAB 00547 B,30,7/9/2016,SABO INDUS.E COMERCIO DEAUTOPE큐S LTDA.,1.53,9.174
SAB 07286 BR,20,28/8/2013,SABO INDUS.E COMERCIO DEAUTOPE큐S LTDA.,2.3,11.051
SAB 00294 BR,50,7/9/2016,SABO INDUS.E COMERCIO DEAUTOPE큐S LTDA.,0.35,2.099
SAB 01074 BRG,350,16/11/2016,SABO INDUS.E COMERCIO DEAUTOPE큐S LTDA.,0.96,4.534
SAB 00980 BA,3,26/10/2010,SABO INDUS.E COMERCIO DEAUTOPE큐S LTDA.,0.46,2.455
SAB 01581 BGO,10,26/3/2014,SABO INDUS.E COMERCIO DEAUTOPE큐S LTDA.,2.03,9.640
SAB 01790 B,20,7/9/2016,SABO INDUS.E COMERCIO DEAUTOPE큐S LTDA.,1.9,11.393
SAB 00804 BR,30,30/4/2018,SABO INDUS.E COMERCIO DEAUTOPE큐S LTDA.,1.82,10.860
SAB 01839 BA,1,8/7/2016,SABO INDUS.E COMERCIO DEAUTOPE큐S LTDA.,1.02,6.041
SAB 02099 BA,300,17/9/2018,SABO INDUS.E COMERCIO DEAUTOPE큐S LTDA.,1.36,8.535
SAB 02370 BRAG,550,30/4/2018,SABO INDUS.E COMERCIO DEAUTOPE큐S LTDA.,1,5.967
SAB 02539 BRG,600,30/4/2018,SABO INDUS.E COMERCIO DEAUTOPE큐S LTDA.,0.78,4.654
SAB 01515 BR,5,16/11/2016,SABO INDUS.E COMERCIO DEAUTOPE큐S LTDA.,0.23,1.435
SAB 07021 BR,20,30/12/2014,SABO INDUS.E COMERCIO DEAUTOPE큐S LTDA.,1,5.035
SAB 02008 BAGE,200,11/10/2017,SABO INDUS.E COMERCIO DEAUTOPE큐S LTDA.,1.24,7.618
SAB 07138 KM,300,19/12/2017,SABO INDUS.E COMERCIO DEAUTOPE큐S LTDA.,1.67,10.148
SAB 07284 BRAG,50,19/12/2017,SABO INDUS.E COMERCIO DEAUTOPE큐S LTDA.,1.12,2.811
SAB 02672 BRG,100,30/12/2014,SABO INDUS.E COMERCIO DEAUTOPE큐S LTDA.,1.36,6.848
SAB 02068 BRG,400,30/4/2018,SABO INDUS.E COMERCIO DEAUTOPE큐S LTDA.,0.6,3.580
SAB 07224 BRAGG,100,24/12/2014,SABO INDUS.E COMERCIO DEAUTOPE큐S LTDA.,0.59,3.022
SAB 02100 BAG,1,22/9/2018,SANTA ELENA S.A.,,11.502
SAB 01840 BGO,40,17/9/2018,SABO INDUS.E COMERCIO DEAUTOPE큐S LTDA.,1.34,8.410
SAB 01963 BAG,20,7/9/2016,SABO INDUS.E COMERCIO DEAUTOPE큐S LTDA.,0.56,3.358
SAB 02090 BABE,10,9/6/2012,SABO INDUS.E COMERCIO DEAUTOPE큐S LTDA.,4.16,20.749
SAB 02372 BAG,100,30/4/2018,SABO INDUS.E COMERCIO DEAUTOPE큐S LTDA.,0.67,3.998
SAB 02979 BA,30,16/11/2016,SABO INDUS.E COMERCIO DEAUTOPE큐S LTDA.,0.32,1.978
SAB 02034 BRG,30,30/12/2014,SABO INDUS.E COMERCIO DEAUTOPE큐S LTDA.,1.32,6.647
SAB 00049 BAGE,400,16/11/2016,SABO INDUS.E COMERCIO DEAUTOPE큐S LTDA.,1.6,9.892
SAB 07299 BA,2,24/10/2014,SABO INDUS.E COMERCIO DEAUTOPE큐S LTDA.,1.26,6.297
SAB 07199 BAGE,20,17/9/2018,SABO INDUS.E COMERCIO DEAUTOPE큐S LTDA.,1.4,8.786
SAB 02152 BAGGG,25,30/12/2014,SABO INDUS.E COMERCIO DEAUTOPE큐S LTDA.,1.04,5.237
SAB 01262 BAG,50,30/12/2014,SABO INDUS.E COMERCIO DEAUTOPE큐S LTDA.,1.06,5.337
SAB 02580 BAG,40,16/11/2016,SABO INDUS.E COMERCIO DEAUTOPE큐S LTDA.,0.52,3.215
SAB 02877 BAG,20,7/9/2016,SABO INDUS.E COMERCIO DEAUTOPE큐S LTDA.,0.48,2.878
SAB 02009 B,80,30/4/2018,SABO INDUS.E COMERCIO DEAUTOPE큐S LTDA.,0.81,4.833
SAB 02420 BAGE,50,11/10/2017,SABO INDUS.E COMERCIO DEAUTOPE큐S LTDA.,1.68,10.321
SAB 00310 B,1500,17/9/2018,SABO INDUS.E COMERCIO DEAUTOPE큐S LTDA.,1.7,10.669
SAB 00145 B,0,,,,4.035
SAB 00359 BR,200,30/4/2018,SABO INDUS.E COMERCIO DEAUTOPE큐S LTDA.,1.54,9.189
SAB 01945 BRG,20,30/4/2018,SABO INDUS.E COMERCIO DEAUTOPE큐S LTDA.,1.24,7.399
SAB 01135 BRP,20,6/1/2014,SABO INDUS.E COMERCIO DEAUTOPE큐S LTDA.,1.12,5.753
SAB 01135 BRG,9000,30/6/2011,SABO INDUS.E COMERCIO DEAUTOPE큐S LTDA.,0.38,1.615
SAB 02005 BAGP,50,30/4/2018,SABO INDUS.E COMERCIO DEAUTOPE큐S LTDA.,2.37,14.141
SAB 02004 BAGP,20,9/2/2016,SABO INDUS.E COMERCIO DEAUTOPE큐S LTDA.,2.24,13.780
SAB 05073 BRAGF,200,12/1/2017,SABO INDUS.E COMERCIO DEAUTOPE큐S LTDA.,1.27,7.930
SAB 05167 BRAGE,20,6/5/2015,SABO INDUS.E COMERCIO DEAUTOPE큐S LTDA.,2.48,11.392
SAB 02448 BRAG,10,7/9/2016,SABO INDUS.E COMERCIO DEAUTOPE큐S LTDA.,2.4,14.391
SAB 02697 BRAGF,30,30/4/2018,SABO INDUS.E COMERCIO DEAUTOPE큐S LTDA.,5.22,31.147
SAB 00688 BA,20,26/4/2011,SABO INDUS.E COMERCIO DEAUTOPE큐S LTDA.,2.01,9.009
SAB 01135 BRGS,600,16/11/2016,SABO INDUS.E COMERCIO DEAUTOPE큐S LTDA.,1.34,8.284
SAB 02069  BRG,50,17/9/2018,SABO INDUS.E COMERCIO DEAUTOPE큐S LTDA.,3.31,20.773
SAB 02069 BRGS,5,8/11/2013,SANTA ELENA S.A.,,14.543
SAB 05680 GRAHF,60,30/4/2018,SABO INDUS.E COMERCIO DEAUTOPE큐S LTDA.,4.8,28.641
SAB 05801 IOSS,300,19/12/2017,SABO INDUS.E COMERCIO DEAUTOPE큐S LTDA.,9.6,58.335
SAB 02900 BRAG,60,17/9/2018,SABO INDUS.E COMERCIO DEAUTOPE큐S LTDA.,2.42,15.187
SAB 00586 BR,30,26/3/2014,SABO INDUS.E COMERCIO DEAUTOPE큐S LTDA.,0.98,4.673
SAB 02002 U,10,25/11/2011,SABO INDUS.E COMERCIO DEAUTOPE큐S LTDA.,0.31,1.470
SAB 01543 BR,60,7/9/2016,SABO INDUS.E COMERCIO DEAUTOPE큐S LTDA.,0.44,2.638
SAB 01543 BA,30,28/8/2013,SABO INDUS.E COMERCIO DEAUTOPE큐S LTDA.,0.48,2.306
SAB 00780 BR,70,30/4/2018,SABO INDUS.E COMERCIO DEAUTOPE큐S LTDA.,1.65,9.845
SAB 00291 BR,20,7/9/2016,SABO INDUS.E COMERCIO DEAUTOPE큐S LTDA.,0.92,4.023
SAB 01770 B,10,26/5/2014,SABO INDUS.E COMERCIO DEAUTOPE큐S LTDA.,2.69,11.699
SAB 00045 B,10,7/9/2016,SABO INDUS.E COMERCIO DEAUTOPE큐S LTDA.,6.44,38.616
SAB 76032,120,19/12/2017,SABO INDUS.E COMERCIO DEAUTOPE큐S LTDA.,4,24.306
SAB 05414 BRAGF,10,12/1/2017,SABO INDUS.E COMERCIO DEAUTOPE큐S LTDA.,7.82,48.803
SAB 10415 MR,150,19/12/2017,SABO INDUS.E COMERCIO DEAUTOPE큐S LTDA.,0.87,5.287
SAB 01571 BBR,20,26/3/2014,SABO INDUS.E COMERCIO DEAUTOPE큐S LTDA.,2.7,12.822
SAB 20181 U,0,,,,2.520
SAB 01854 BRG,10,7/9/2016,SABO INDUS.E COMERCIO DEAUTOPE큐S LTDA.,0.56,3.358
SAB 07300 BY,10,28/8/2013,SABO INDUS.E COMERCIO DEAUTOPE큐S LTDA.,6.02,28.925
SAB 01241 BAG,30,16/11/2016,SABO INDUS.E COMERCIO DEAUTOPE큐S LTDA.,0.65,4.019
SAB 00272 BRG,30,23/6/2014,SABO INDUS.E COMERCIO DEAUTOPE큐S LTDA.,0.74,3.548
SAB 01580 B,20,7/9/2016,SABO INDUS.E COMERCIO DEAUTOPE큐S LTDA.,1.56,9.354
SAB 00358 BR,10,19/12/2017,AUTOMOVIL SUPPLY S.A.,,4.582
SAB 01556 BR,700,7/9/2016,SABO INDUS.E COMERCIO DEAUTOPE큐S LTDA.,0.35,2.099
SAB 01656 BR,0,,,,10.995
SAB 00274 BGO,10,7/9/2016,SABO INDUS.E COMERCIO DEAUTOPE큐S LTDA.,1.43,8.575
SAB 00913 BR,700,25/11/2011,SABO INDUS.E COMERCIO DEAUTOPE큐S LTDA.,0.76,3.555
SAB 00276 B,30,9/6/2012,SABO INDUS.E COMERCIO DEAUTOPE큐S LTDA.,1.09,5.437
SAB 00262 B,35,8/7/2016,SABO INDUS.E COMERCIO DEAUTOPE큐S LTDA.,0.94,5.591
SAB 02529 BRG,30,30/12/2014,SABO INDUS.E COMERCIO DEAUTOPE큐S LTDA.,3.93,19.789
SAB 02161 BR,20,26/3/2014,SABO INDUS.E COMERCIO DEAUTOPE큐S LTDA.,0.62,2.577
SAB 07023 GA,50,16/11/2016,SABO INDUS.E COMERCIO DEAUTOPE큐S LTDA.,0.71,4.389
SAB 07691 BAF,6,30/4/2018,SABO INDUS.E COMERCIO DEAUTOPE큐S LTDA.,1.56,9.308
SAB 02039 BR,20,7/9/2016,SABO INDUS.E COMERCIO DEAUTOPE큐S LTDA.,0.69,4.137
SAB 02180 BG,10,22/3/2013,SABO INDUS.E COMERCIO DEAUTOPE큐S LTDA.,2.23,9.706
SAB 05159 BRAGF,50,30/4/2018,SABO INDUS.E COMERCIO DEAUTOPE큐S LTDA.,1.32,7.876
SAB 00822 BA,0,,,,3.798
SAB 01149 BA,20,16/11/2016,SABO INDUS.E COMERCIO DEAUTOPE큐S LTDA.,1.71,10.592
SAB 02102 BA,10,7/9/2016,SABO INDUS.E COMERCIO DEAUTOPE큐S LTDA.,1.26,7.555
SAB 01837 BRGE,100,30/4/2018,SABO INDUS.E COMERCIO DEAUTOPE큐S LTDA.,0.91,5.430
SAB 01833 BA,250,16/11/2016,SABO INDUS.E COMERCIO DEAUTOPE큐S LTDA.,0.88,4.117
SAB 07137 BGEP,150,14/1/2011,SABO INDUS.E COMERCIO DEAUTOPE큐S LTDA.,1.1,5.345
SAB 01995 BR,20,3/3/2015,SABO INDUS.E COMERCIO DEAUTOPE큐S LTDA.,1.17,6.007
SAB 02224 BR,10,7/9/2016,SABO INDUS.E COMERCIO DEAUTOPE큐S LTDA.,0.54,3.238
SAB 01964 BA,36,16/11/2016,SABO INDUS.E COMERCIO DEAUTOPE큐S LTDA.,0.61,3.771
SAB 02087 BAG,10,26/3/2014,SABO INDUS.E COMERCIO DEAUTOPE큐S LTDA.,2.94,13.961
SAB 05202 BRAG,200,4/1/2012,SABO INDUS.E COMERCIO DEAUTOPE큐S LTDA.,2.3,11.292
SAB 00459 BR,20,25/11/2011,SABO INDUS.E COMERCIO DEAUTOPE큐S LTDA.,4.46,20.950
SAB 01116 BR,30,24/12/2014,SABO INDUS.E COMERCIO DEAUTOPE큐S LTDA.,0.52,2.665
SAB 02842 BRGF,100,3/1/2014,SABO INDUS.E COMERCIO DEAUTOPE큐S LTDA.,1.64,8.127
SAB 01495 BR,20,7/9/2016,SABO INDUS.E COMERCIO DEAUTOPE큐S LTDA.,0.63,3.778
SAB 02461 BRGE,50,30/12/2014,SABO INDUS.E COMERCIO DEAUTOPE큐S LTDA.,0.65,3.273
SAB 01554 BRG,10,9/1/2010,SABO INDUS.E COMERCIO DEAUTOPE큐S LTDA.,1.92,9.537
SAB 07485 BAF,30,8/7/2016,SABO INDUS.E COMERCIO DEAUTOPE큐S LTDA.,4.71,27.883
SAB 01707 BRG,1827,2/10/2015,SABO INDUS.E COMERCIO DEAUTOPE큐S LTDA.,0.46,2.082
SAB 02373 BRG,100,30/4/2018,SABO INDUS.E COMERCIO DEAUTOPE큐S LTDA.,1.42,8.473
SAB 00510 BRX,30,25/8/2010,SABO INDUS.E COMERCIO DEAUTOPE큐S LTDA.,0.41,2.140
SAB 02685 BR,20,7/9/2016,SABO INDUS.E COMERCIO DEAUTOPE큐S LTDA.,3.37,20.207
SAB 01810 BRAG,10,14/6/2016,SANTA ELENA S.A.,,17.399
SAB 00269 BAGS,75,30/4/2018,SABO INDUS.E COMERCIO DEAUTOPE큐S LTDA.,1.52,9.070
SAB 01911 BRG,15,16/11/2016,SABO INDUS.E COMERCIO DEAUTOPE큐S LTDA.,1.8,11.128
SAB 00962 BR,100,12/1/2017,SABO INDUS.E COMERCIO DEAUTOPE큐S LTDA.,0.86,4.025
SAB 02702 BRAG,100,30/4/2018,SABO INDUS.E COMERCIO DEAUTOPE큐S LTDA.,2.35,14.022
SAB 01050 BR,10,12/1/2017,SABO INDUS.E COMERCIO DEAUTOPE큐S LTDA.,2.32,14.484
SAB 01050 BRGS,150,30/4/2018,SABO INDUS.E COMERCIO DEAUTOPE큐S LTDA.,0.98,5.847
SAB 02844 BRAGF,200,19/12/2017,SABO INDUS.E COMERCIO DEAUTOPE큐S LTDA.,0.98,5.955
SAB 01917 BRG,80,30/4/2018,SABO INDUS.E COMERCIO DEAUTOPE큐S LTDA.,1.65,9.845
SAB 02116 BA,30,7/9/2016,SABO INDUS.E COMERCIO DEAUTOPE큐S LTDA.,1.41,8.455
SAB 02115 BRG,40,7/9/2016,SABO INDUS.E COMERCIO DEAUTOPE큐S LTDA.,4.8,28.782
SAB 01943 BAGE,100,31/10/2011,SABO INDUS.E COMERCIO DEAUTOPE큐S LTDA.,4.33,19.234
SAB 01810 BAGS,150,30/4/2018,SABO INDUS.E COMERCIO DEAUTOPE큐S LTDA.,1.35,8.055
SAB 01810 BRAGF,226,25/11/2011,SABO INDUS.E COMERCIO DEAUTOPE큐S LTDA.,1.24,5.550
SAB 05214 GRAHF,20,19/12/2017,SABO INDUS.E COMERCIO DEAUTOPE큐S LTDA.,3.38,20.539
SAB 02317 BRAG,110,19/12/2017,SABO INDUS.E COMERCIO DEAUTOPE큐S LTDA.,1.71,10.391
SAB 02696 BRAG,10,8/7/2016,SABO INDUS.E COMERCIO DEAUTOPE큐S LTDA.,3.64,21.559
SAB 05352 BRG,200,19/12/2017,SABO INDUS.E COMERCIO DEAUTOPE큐S LTDA.,1.39,8.446
SAB 00610 BR,12,31/7/2015,SABO INDUS.E COMERCIO DEAUTOPE큐S LTDA.,1.62,9.009
SAB 02235 BAG,40,17/9/2018,SABO INDUS.E COMERCIO DEAUTOPE큐S LTDA.,2.02,12.678
SAB 05266 BRAG,10,16/11/2016,SABO INDUS.E COMERCIO DEAUTOPE큐S LTDA.,0.8,4.946
SAB 05304 BRAGF,2,2/5/2017,CARLAO AUTORREPUESTOS S.A.,,8.321
SAB 02142 BRG,50,12/1/2017,SABO INDUS.E COMERCIO DEAUTOPE큐S LTDA.,2.33,14.524
SAB 01942 BRGP,800,30/4/2018,SABO INDUS.E COMERCIO DEAUTOPE큐S LTDA.,0.84,5.012
SAB 01019 BR,10,26/3/2014,SABO INDUS.E COMERCIO DEAUTOPE큐S LTDA.,1.32,6.766
SAB 00819 BR,20,30/12/2014,SABO INDUS.E COMERCIO DEAUTOPE큐S LTDA.,3.21,5.341
SAB 00925 BA,15,7/9/2016,SABO INDUS.E COMERCIO DEAUTOPE큐S LTDA.,1.81,7.936
SAB 80221,10,16/11/2016,SABO INDUS.E COMERCIO DEAUTOPE큐S LTDA.,6.4,39.567
SAB 05363 BRG,100,28/8/2013,SABO INDUS.E COMERCIO DEAUTOPE큐S LTDA.,1.68,8.072
SAB 02178 BRAGS,750,30/4/2018,SABO INDUS.E COMERCIO DEAUTOPE큐S LTDA.,0.76,4.535
SAB 01147 BRG,14,25/4/2013,SABO INDUS.E COMERCIO DEAUTOPE큐S LTDA.,1.01,4.544
SAB 00005 B,10,7/9/2016,SABO INDUS.E COMERCIO DEAUTOPE큐S LTDA.,1.8,10.793
SAB 02151 BA,20,7/9/2016,SABO INDUS.E COMERCIO DEAUTOPE큐S LTDA.,1.09,6.536
SAB 03398 DISP,20,18/5/2010,SABO INDUS.E COMERCIO DEAUTOPE큐S LTDA.,17.99,91.229
SAB 08398 GY,20,12/1/2017,SABO INDUS.E COMERCIO DEAUTOPE큐S LTDA.,5.47,34.120
SAB 07312 BR,60,30/4/2018,SABO INDUS.E COMERCIO DEAUTOPE큐S LTDA.,1.86,11.098
SAB 00803 BAG,30,6/5/2015,SABO INDUS.E COMERCIO DEAUTOPE큐S LTDA.,2.25,12.169
SAB 00803 BRG,60,12/1/2017,SABO INDUS.E COMERCIO DEAUTOPE큐S LTDA.,2.75,17.168
SAB 01828 B,200,30/4/2018,SABO INDUS.E COMERCIO DEAUTOPE큐S LTDA.,2.26,13.485
SAB 02753 BRG,300,17/9/2018,SABO INDUS.E COMERCIO DEAUTOPE큐S LTDA.,1.8,11.297
SAB 01043 B,100,30/4/2018,SABO INDUS.E COMERCIO DEAUTOPE큐S LTDA.,3.53,21.063
SAB 01801 B,100,30/4/2018,SABO INDUS.E COMERCIO DEAUTOPE큐S LTDA.,1.99,11.874
SAB 01392 BAG,30,26/3/2014,SABO INDUS.E COMERCIO DEAUTOPE큐S LTDA.,1.6,7.587
SAB 00979 BRGE,150,19/12/2017,SABO INDUS.E COMERCIO DEAUTOPE큐S LTDA.,1.43,8.690
SAB 02262,50,11/10/2017,SABO INDUS.E COMERCIO DEAUTOPE큐S LTDA.,1.37,8.417
SAB 01850 BRGE,30,8/7/2016,SABO INDUS.E COMERCIO DEAUTOPE큐S LTDA.,2,11.846
SAB 01764 BAGG,300,30/4/2018,SABO INDUS.E COMERCIO DEAUTOPE큐S LTDA.,0.82,4.893
SAB 02392 BRGE,80,30/4/2018,SABO INDUS.E COMERCIO DEAUTOPE큐S LTDA.,0.95,5.668
SAB 02442 BAGE,50,12/1/2017,SABO INDUS.E COMERCIO DEAUTOPE큐S LTDA.,0.83,5.169
SAB 00849 BA,50,30/4/2018,SABO INDUS.E COMERCIO DEAUTOPE큐S LTDA.,1.72,10.263
SAB 02305 BAG,30,8/7/2016,SABO INDUS.E COMERCIO DEAUTOPE큐S LTDA.,1.29,7.645
SAB 00974 BA,30,30/4/2018,SABO INDUS.E COMERCIO DEAUTOPE큐S LTDA.,2.65,15.812
SAB 01861 BRG,50,7/9/2016,SABO INDUS.E COMERCIO DEAUTOPE큐S LTDA.,0.57,3.418
SAB 01931 BAG,50,25/11/2011,SABO INDUS.E COMERCIO DEAUTOPE큐S LTDA.,1.46,6.852
SAB 01546 GRX,20,16/11/2016,SABO INDUS.E COMERCIO DEAUTOPE큐S LTDA.,0.72,4.451
SAB 00015 GA,2,22/10/2010,SABO INDUS.E COMERCIO DEAUTOPE큐S LTDA.,9.68,51.770
SAB 07686 GAE,60,30/4/2018,SABO INDUS.E COMERCIO DEAUTOPE큐S LTDA.,1.01,6.027
SAB 02324 BRG,30,19/12/2017,SABO INDUS.E COMERCIO DEAUTOPE큐S LTDA.,1.36,4.305
SAB 01711 BRG,10,26/3/2014,SABO INDUS.E COMERCIO DEAUTOPE큐S LTDA.,1.64,7.788
SAB 01549 BRA,60,17/9/2018,SABO INDUS.E COMERCIO DEAUTOPE큐S LTDA.,2.01,12.615
SAB 02049 BG,40,3/10/2018,SANTA ELENA S.A.,,14.417
SAB 02483 BGE,30,30/4/2018,SABO INDUS.E COMERCIO DEAUTOPE큐S LTDA.,2.49,14.857
SAB 01974 BRG,25,17/9/2018,SABO INDUS.E COMERCIO DEAUTOPE큐S LTDA.,1.93,12.113
SAB 01918 BRGE,30,3/1/2014,SABO INDUS.E COMERCIO DEAUTOPE큐S LTDA.,0.84,4.163
SAB 07630 BY,5,30/4/2018,SABO INDUS.E COMERCIO DEAUTOPE큐S LTDA.,1.45,8.652
SAB 07461 BRF,4,2/10/2018,AUTOMOVIL SUPPLY S.A.,,24.182
SAB 00250 BR,30,19/12/2017,SABO INDUS.E COMERCIO DEAUTOPE큐S LTDA.,2.09,12.700
SAB 02195 BR,50,30/4/2018,SABO INDUS.E COMERCIO DEAUTOPE큐S LTDA.,1.54,9.189
SAB 07688 BGE,15,30/4/2018,SABO INDUS.E COMERCIO DEAUTOPE큐S LTDA.,1.32,7.876
SAB 01109 BR,150,24/12/2014,SABO INDUS.E COMERCIO DEAUTOPE큐S LTDA.,0.78,3.995
SAB 01109 BRG,100,12/1/2017,SABO INDUS.E COMERCIO DEAUTOPE큐S LTDA.,0.52,3.241
SAB 01721 BR,30,19/12/2017,SABO INDUS.E COMERCIO DEAUTOPE큐S LTDA.,1.88,11.424
SAB 02415 BAG,20,30/4/2018,SABO INDUS.E COMERCIO DEAUTOPE큐S LTDA.,1.07,6.385
SAB 00763 BR,255,3/3/2015,SABO INDUS.E COMERCIO DEAUTOPE큐S LTDA.,0.5,2.567
SAB 00715 BA,100,26/3/2014,SABO INDUS.E COMERCIO DEAUTOPE큐S LTDA.,1.29,6.106
SAB 00497 BRG,30,12/1/2017,SABO INDUS.E COMERCIO DEAUTOPE큐S LTDA.,1.41,8.815
SAB 01791 BF,20,28/8/2013,SABO INDUS.E COMERCIO DEAUTOPE큐S LTDA.,4.62,22.198
SAB 02804 BAGE,10,7/9/2016,SABO INDUS.E COMERCIO DEAUTOPE큐S LTDA.,3.49,20.927
SAB 00516 BG,600,30/4/2018,SABO INDUS.E COMERCIO DEAUTOPE큐S LTDA.,2.68,15.991
SAB 01735 BG,150,30/4/2018,SABO INDUS.E COMERCIO DEAUTOPE큐S LTDA.,3.18,18.975
SAB 02713 BRY,70,17/9/2018,SABO INDUS.E COMERCIO DEAUTOPE큐S LTDA.,4.11,25.794
SAB 02778 B,100,30/4/2018,SABO INDUS.E COMERCIO DEAUTOPE큐S LTDA.,2.86,17.065
SAB 01829 B,160,17/9/2018,SABO INDUS.E COMERCIO DEAUTOPE큐S LTDA.,1.81,11.359
SAB 02690 BRG,300,30/4/2018,SABO INDUS.E COMERCIO DEAUTOPE큐S LTDA.,1.69,10.084
SAB 02938 BRAG ,0,,,,7.339
SAB 07291 BRAGF,60,19/12/2017,SABO INDUS.E COMERCIO DEAUTOPE큐S LTDA.,2.62,15.921
SAB 01100 BAG,20,12/1/2017,SABO INDUS.E COMERCIO DEAUTOPE큐S LTDA.,0.87,4.117
SAB 01849 BAG,60,19/12/2017,SABO INDUS.E COMERCIO DEAUTOPE큐S LTDA.,1.65,10.026
SAB 02212 BRGE,30,30/4/2018,SABO INDUS.E COMERCIO DEAUTOPE큐S LTDA.,1.2,7.160
SAB 02679 BRG,15,30/4/2018,SABO INDUS.E COMERCIO DEAUTOPE큐S LTDA.,2.61,15.573
SAB 02395 BAGG,50,30/4/2018,SABO INDUS.E COMERCIO DEAUTOPE큐S LTDA.,2.08,12.411
SAB 02209 BAGE,10,31/12/2015,SABO INDUS.E COMERCIO DEAUTOPE큐S LTDA.,1.29,7.973
SAB 02485 BY,15,7/9/2016,SABO INDUS.E COMERCIO DEAUTOPE큐S LTDA.,4.54,27.223
SAB 01923 BG,50,19/12/2017,SABO INDUS.E COMERCIO DEAUTOPE큐S LTDA.,1.54,9.358
SAB 00085B,24,30/4/2018,SABO INDUS.E COMERCIO DEAUTOPE큐S LTDA.,2.32,13.843
SAB 02391 BRG,30,30/4/2018,SABO INDUS.E COMERCIO DEAUTOPE큐S LTDA.,1.3,7.757
SAB 07338 BAY,10,28/8/2013,SABO INDUS.E COMERCIO DEAUTOPE큐S LTDA.,6.78,28.255
SAB 00995 BA,20,16/11/2016,SABO INDUS.E COMERCIO DEAUTOPE큐S LTDA.,1.36,8.408
SAB 07683 GAG,30,16/11/2016,SABO INDUS.E COMERCIO DEAUTOPE큐S LTDA.,1.06,6.578
SAB 01767 BR,20,26/5/2014,SABO INDUS.E COMERCIO DEAUTOPE큐S LTDA.,2.8,13.481
SAB 02673 BRX,30,30/12/2014,SABO INDUS.E COMERCIO DEAUTOPE큐S LTDA.,1.47,7.402
SAB 01095 BRG,0,,,,5.839
SAB 01095 JOGO2,50,30/4/2018,SABO INDUS.E COMERCIO DEAUTOPE큐S LTDA.,1.7,10.144
SAB 07395 BARGGG,300,30/4/2018,SABO INDUS.E COMERCIO DEAUTOPE큐S LTDA.,1.56,9.308
SAB 00268 BRP,0,,,,11.574
SAB 01884 BRAG,700,17/9/2018,SABO INDUS.E COMERCIO DEAUTOPE큐S LTDA.,2.4,15.062
SAB 00421 BAGG,30,3/3/2015,SABO INDUS.E COMERCIO DEAUTOPE큐S LTDA.,2.02,10.370
SAB 02868 BRG,40,30/12/2014,SABO INDUS.E COMERCIO DEAUTOPE큐S LTDA.,5.38,27.090
SAB 00063 BRG,50,7/9/2016,SABO INDUS.E COMERCIO DEAUTOPE큐S LTDA.,0.47,2.818
SAB 02941 BRAGF,20,19/12/2017,SABO INDUS.E COMERCIO DEAUTOPE큐S LTDA.,4.31,26.190
SAB 01004 BAG,20,16/11/2016,SABO INDUS.E COMERCIO DEAUTOPE큐S LTDA.,1.2,7.410
SAB 01988 BRG,100,30/4/2018,SABO INDUS.E COMERCIO DEAUTOPE큐S LTDA.,0.27,1.611
SAB 07281 BAGE,250,17/9/2018,SABO INDUS.E COMERCIO DEAUTOPE큐S LTDA.,2.04,12.803
SAB 00268 BR,20,26/3/2014,SABO INDUS.E COMERCIO DEAUTOPE큐S LTDA.,4.2,19.945
SAB 02219 BAG,30,17/9/2018,SABO INDUS.E COMERCIO DEAUTOPE큐S LTDA.,5.99,37.593
SAB 05578 BRGF,30,17/9/2018,SABO INDUS.E COMERCIO DEAUTOPE큐S LTDA.,4.42,27.739
SAB 07790 BY,200,30/4/2018,SABO INDUS.E COMERCIO DEAUTOPE큐S LTDA.,4,23.867
SAB 02932 BAG,100,14/1/2011,SABO INDUS.E COMERCIO DEAUTOPE큐S LTDA.,5.56,26.878
SAB 02246 BAG,10,12/1/2017,SABO INDUS.E COMERCIO DEAUTOPE큐S LTDA.,3.38,21.077
SAB 02933 BRG,10,8/7/2016,SABO INDUS.E COMERCIO DEAUTOPE큐S LTDA.,2.74,16.229
SAB 02139 BRG,80,19/12/2017,SABO INDUS.E COMERCIO DEAUTOPE큐S LTDA.,1.48,8.993
SAB 02972 BAG,20,16/11/2016,SABO INDUS.E COMERCIO DEAUTOPE큐S LTDA.,1.08,6.679
SAB 07375 BY,20,19/12/2017,SABO INDUS.E COMERCIO DEAUTOPE큐S LTDA.,3.95,24.003
SAB 02813 BRG,50,19/12/2017,SABO INDUS.E COMERCIO DEAUTOPE큐S LTDA.,0.45,2.734
SAB 00506 BR,40,25/4/2013,SABO INDUS.E COMERCIO DEAUTOPE큐S LTDA.,1.75,7.873
SAB 00866 BR,20,30/12/2014,SABO INDUS.E COMERCIO DEAUTOPE큐S LTDA.,1.45,7.301
SAB 01856 BRG,50,12/1/2017,SABO INDUS.E COMERCIO DEAUTOPE큐S LTDA.,1.66,7.865
SAB 02872 BRAG,20,7/9/2016,SABO INDUS.E COMERCIO DEAUTOPE큐S LTDA.,6.19,37.117
SAB 01981 BRG,3000,19/3/2012,SABO INDUS.E COMERCIO DEAUTOPE큐S LTDA.,2.26,10.382
SAB 02019 BAGE,12,28/8/2013,SABO INDUS.E COMERCIO DEAUTOPE큐S LTDA.,5.46,26.234
SAB 02018 BAGE,10,7/9/2016,SABO INDUS.E COMERCIO DEAUTOPE큐S LTDA.,3.6,21.586
SAB 01898 BRGE,50,11/10/2017,SABO INDUS.E COMERCIO DEAUTOPE큐S LTDA.,1.28,7.864
SAB 00047 B,150,17/9/2018,SABO INDUS.E COMERCIO DEAUTOPE큐S LTDA.,1.91,11.987
SAB 01950 BAG,10,7/9/2016,SABO INDUS.E COMERCIO DEAUTOPE큐S LTDA.,4.43,5.403
SAB 00504 BGO,200,30/4/2018,SABO INDUS.E COMERCIO DEAUTOPE큐S LTDA.,1.6,9.547
SAB 01119 BAG,50,19/12/2017,SABO INDUS.E COMERCIO DEAUTOPE큐S LTDA.,1.86,11.302
SAB 00900 BR,20,26/3/2014,SABO INDUS.E COMERCIO DEAUTOPE큐S LTDA.,1.9,9.023
SAB 01343 BAG,30,25/11/2011,SABO INDUS.E COMERCIO DEAUTOPE큐S LTDA.,0.63,2.957
SAB 08322 BRGGE,30,30/4/2018,SABO INDUS.E COMERCIO DEAUTOPE큐S LTDA.,3.17,18.915
SAB 02556 BA,80,30/4/2018,SABO INDUS.E COMERCIO DEAUTOPE큐S LTDA.,2.08,12.411
SAB 00500 BAGF,500,9/1/2010,SABO INDUS.E COMERCIO DEAUTOPE큐S LTDA.,2.01,9.979
SAB 00436 BAG,20,16/11/2016,SABO INDUS.E COMERCIO DEAUTOPE큐S LTDA.,0.89,5.505
SAB 02910 BAGE,250,19/12/2017,SABO INDUS.E COMERCIO DEAUTOPE큐S LTDA.,1.34,8.143
SAB 02201 BRGE,200,19/12/2017,SABO INDUS.E COMERCIO DEAUTOPE큐S LTDA.,1.27,7.717
SAB 02393 BAGE,10,16/11/2016,SABO INDUS.E COMERCIO DEAUTOPE큐S LTDA.,3.58,22.154
SAB 02007 BAG,50,31/7/2015,SABO INDUS.E COMERCIO DEAUTOPE큐S LTDA.,0.84,4.681
SAB 01416 BAG,50,30/12/2014,SABO INDUS.E COMERCIO DEAUTOPE큐S LTDA.,2.08,10.473
SAB 00674 B,50,7/9/2016,SABO INDUS.E COMERCIO DEAUTOPE큐S LTDA.,1.17,7.016
SAB 00500 BAG,150,17/9/2018,SABO INDUS.E COMERCIO DEAUTOPE큐S LTDA.,1.75,10.983
SAB 02693 BRGE,100,30/4/2018,SABO INDUS.E COMERCIO DEAUTOPE큐S LTDA.,1.53,9.129
SAB 02557 BRG,300,30/4/2018,SABO INDUS.E COMERCIO DEAUTOPE큐S LTDA.,5,29.834
SAB 00012 BA,4,23/7/2010,SABO INDUS.E COMERCIO DEAUTOPE큐S LTDA.,0.67,3.426
SAB 00505 BR,20,7/9/2016,SABO INDUS.E COMERCIO DEAUTOPE큐S LTDA.,0.36,2.159
SAB 02371 BAG,200,19/12/2017,SABO INDUS.E COMERCIO DEAUTOPE큐S LTDA.,0.85,5.165
SAB 02031 BR,10,7/9/2016,SABO INDUS.E COMERCIO DEAUTOPE큐S LTDA.,0.43,1.607
SAB 01899 BRGE,10,16/11/2016,SABO INDUS.E COMERCIO DEAUTOPE큐S LTDA.,3.54,21.865
SAB 01765 BRGE,40,9/2/2016,SABO INDUS.E COMERCIO DEAUTOPE큐S LTDA.,0.82,5.016
SAB 01834 BAGE,200,19/12/2017,SABO INDUS.E COMERCIO DEAUTOPE큐S LTDA.,1.17,7.110
SAB 02419 BAG,100,12/1/2017,SABO INDUS.E COMERCIO DEAUTOPE큐S LTDA.,0.6,3.746
SAB 02374 BAGE,400,30/4/2018,SABO INDUS.E COMERCIO DEAUTOPE큐S LTDA.,1.52,9.070
SAB 01929 BRG,200,30/4/2018,SABO INDUS.E COMERCIO DEAUTOPE큐S LTDA.,0.62,3.699
SAB 00344 BE,15,30/4/2018,SABO INDUS.E COMERCIO DEAUTOPE큐S LTDA.,1.52,9.070
SAB 02204 BAG,20,9/2/2016,SABO INDUS.E COMERCIO DEAUTOPE큐S LTDA.,1.23,7.540
SAB 02741 BRGG,20,12/1/2017,SABO INDUS.E COMERCIO DEAUTOPE큐S LTDA.,0.94,5.868
SAB 01195 B,50,26/3/2014,SABO INDUS.E COMERCIO DEAUTOPE큐S LTDA.,1.79,8.512
SAB 00266 BR,150,24/12/2014,SABO INDUS.E COMERCIO DEAUTOPE큐S LTDA.,0.77,3.943
SAB 01090 BRXE,8,31/7/2015,SABO INDUS.E COMERCIO DEAUTOPE큐S LTDA.,2.4,13.338
SAB 01526 BRG,30,16/11/2016,SABO INDUS.E COMERCIO DEAUTOPE큐S LTDA.,1.82,11.252
SAB 00572 BR,50,24/9/2010,SABO INDUS.E COMERCIO DEAUTOPE큐S LTDA.,0.4,2.061
SAB 01045 BRG,50,30/4/2018,SABO INDUS.E COMERCIO DEAUTOPE큐S LTDA.,0.44,2.625
SAB 01265 BAG,50,26/3/2014,SABO INDUS.E COMERCIO DEAUTOPE큐S LTDA.,1.4,6.662
SAB 00496 BRG,10,7/9/2016,SABO INDUS.E COMERCIO DEAUTOPE큐S LTDA.,0.66,3.958
SAB 02578 BRG,15,16/11/2016,SABO INDUS.E COMERCIO DEAUTOPE큐S LTDA.,2.26,13.941
SAB 08316 BRY,150,17/9/2018,SABO INDUS.E COMERCIO DEAUTOPE큐S LTDA.,2.66,16.693
SAB 01181 BR,2,22/10/2010,SABO INDUS.E COMERCIO DEAUTOPE큐S LTDA.,1.91,10.215
SAB 02027 BGO,20,25/11/2011,SABO INDUS.E COMERCIO DEAUTOPE큐S LTDA.,3.05,14.304
SAB 00286 BR,50,9/6/2012,SABO INDUS.E COMERCIO DEAUTOPE큐S LTDA.,2.28,11.372
SAB 00262 BA,40,26/3/2014,SABO INDUS.E COMERCIO DEAUTOPE큐S LTDA.,1.09,5.181
SAB 00788 BAG,200,19/12/2017,SABO INDUS.E COMERCIO DEAUTOPE큐S LTDA.,0.66,4.011
SAB 09205 BRE,150,30/4/2018,SABO INDUS.E COMERCIO DEAUTOPE큐S LTDA.,0.66,3.938
SAB 02400 BRE,80,17/9/2018,SABO INDUS.E COMERCIO DEAUTOPE큐S LTDA.,0.37,2.322
SAB 09250 BREF,200,12/1/2017,SABO INDUS.E COMERCIO DEAUTOPE큐S LTDA.,0.63,3.032
SAB 09239 BREF,24,12/1/2017,SABO INDUS.E COMERCIO DEAUTOPE큐S LTDA.,0.78,925
SAB 05269 BRAG,100,31/12/2015,SABO INDUS.E COMERCIO DEAUTOPE큐S LTDA.,1.05,6.528
SAB 02919 BREF,80,30/4/2018,SABO INDUS.E COMERCIO DEAUTOPE큐S LTDA.,0.31,1.850
SAB 3044 BRE,304,30/4/2018,SABO INDUS.E COMERCIO DEAUTOPE큐S LTDA.,0.35,2.088
SAB 09203 BRE,464,30/4/2018,SABO INDUS.E COMERCIO DEAUTOPE큐S LTDA.,0.38,2.267
SAB 09242 BRE,40,26/3/2014,SABO INDUS.E COMERCIO DEAUTOPE큐S LTDA.,0.39,1.851
SAB 09235 BRE,150,17/9/2018,SABO INDUS.E COMERCIO DEAUTOPE큐S LTDA.,0.38,2.385
SAB 9236 BRE,282,19/12/2017,SABO INDUS.E COMERCIO DEAUTOPE큐S LTDA.,0.38,2.309
SAB 09237 BREF,24,6/2/2018,SANTA ELENA S.A.,,2.744
SAB 01815 BAEP,1200,17/9/2018,SABO INDUS.E COMERCIO DEAUTOPE큐S LTDA.,0.54,3.389
SAB 02396 BRE,24,8/7/2016,SABO INDUS.E COMERCIO DEAUTOPE큐S LTDA.,0.44,2.606
SAB 02509 BREF,304,30/4/2018,SABO INDUS.E COMERCIO DEAUTOPE큐S LTDA.,0.38,2.267
SAB 02786 BREF,24,30/4/2018,SABO INDUS.E COMERCIO DEAUTOPE큐S LTDA.,0.72,4.296
SAB 09284,60,27/8/2018,IDICON S.A.,,2.782
SAB 02544 BREF,600,30/4/2018,SABO INDUS.E COMERCIO DEAUTOPE큐S LTDA.,0.23,1.372
SAB 09282 BAEF,72,2/10/2018,SANTA ELENA S.A.,,2.621
SAB 78958,30,3/1/2014,SABO INDUS.E COMERCIO DEAUTOPE큐S LTDA.,5.21,23.120
SAB 78960,20,28/8/2013,SABO INDUS.E COMERCIO DEAUTOPE큐S LTDA.,4.76,22.871
SAB 78959,50,31/10/2011,SABO INDUS.E COMERCIO DEAUTOPE큐S LTDA.,2.18,9.673
SAB 78961,50,25/11/2011,SABO INDUS.E COMERCIO DEAUTOPE큐S LTDA.,5.35,25.103
SAB 078456,20,30/12/2014,SABO INDUS.E COMERCIO DEAUTOPE큐S LTDA.,1.16,11.050
SAB 78808,20,31/12/2015,SABO INDUS.E COMERCIO DEAUTOPE큐S LTDA.,2.95,18.299
SAB 78809,10,9/12/2016,SABO INDUS.E COMERCIO DEAUTOPE큐S LTDA.,5.67,35.861
SAB 78801,40,28/8/2013,SABO INDUS.E COMERCIO DEAUTOPE큐S LTDA.,7.54,36.228
SAB 78810,5,26/3/2014,SABO INDUS.E COMERCIO DEAUTOPE큐S LTDA.,7,33.241
SAB 78802,20,31/10/2011,SABO INDUS.E COMERCIO DEAUTOPE큐S LTDA.,12.39,54.982
SAB 78800,5,26/3/2014,SABO INDUS.E COMERCIO DEAUTOPE큐S LTDA.,4.95,23.506
SAB 10316 MGE,300,31/12/2015,SABO INDUS.E COMERCIO DEAUTOPE큐S LTDA.,0.43,2.696
